ano,regiao_administrativa,mortalidade_infancia,prop_baixo_peso_nascer,mortalidade_materna,taxa_internacoes_infantis_crise_respiratoria_aguda,prop_acesso_agua_canalizada,prop_acesso_esgotamento_sanitario,prop_acesso_banheiro,prop_populacao_vivendo_favelas_nao_urbanizadas,prop_acesso_energia_eletrica,prop_adensamento_habitacional_excessivo,taxa_homicidios,taxa_roubos_rua,prop_alfabetizacao,qualidade_ensino_fundamental_anos_iniciais,qualidade_ensino_fundamental_anos_finais,prop_abandono_escolar_ensino_medio,prop_acesso_telefone_celular_fixo,prop_acesso_internet,taxa_mortalidade_doencas_cronicas,taxa_incidencia_dengue,taxa_mortalidade_tuberculose_hiv,prop_coleta_seletiva_lixo,degradacao_areas_verdes,prop_mobilidade_urbana,taxa_homicidios_acao_policial,tempo_medio_deslocamento,taxa_participacao_politica,prop_gravidez_adolescencia,trabalho_infantil,indice_acesso_cultura,taxa_violencia_contra_mulher,taxa_homicidios_jovens_negros,prop_vulnerabilidade_familiar,prop_pessoas_ensino_superior,prop_negros_indigenas_ensino_superior,prop_frequencia_ensino_superior,area_planejamento
2016,Rio De Janeiro,2.77,9.21,52.61,8.48,98.47,89.95,98.73,19.16,93.95,5.88,18.07,6.7,52.75,5.24,4.87,11.57,96.25,51.26,184.31,268.73,19.77,2.77,-0.02,34.7,4.4,28.83,0.21,16.42,11.14,30.34,353.56,9.0,2.29,21.26,9.82,28.04,Rio De Janeiro
2016,Portuaria,0.91,7.4,75.81,9.66,99.73,93.97,94.26,13.18,91.12,10.2,44.01,31.17,54.89,4.78,4.96,14.53,93.04,32.35,194.4,130.88,19.25,0.0,-0.02,51.86,10.89,42.94,0.25,20.17,9.51,67.26,601.89,6.13,4.54,3.88,2.1,9.81,Centro
2016,Centro,3.92,10.53,0.0,9.77,99.66,92.23,92.34,0.26,96.91,3.77,28.67,54.73,52.7,5.0,4.75,1.67,97.47,50.76,250.53,183.72,33.4,2.81,0.0,68.68,8.96,31.04,0.3,13.16,0.0,100.0,1009.09,5.41,1.35,24.02,18.03,39.37,Centro
2016,Rio Comprido,3.71,10.29,27.93,7.88,99.46,93.03,96.45,35.44,90.77,8.13,43.02,10.69,60.99,4.83,4.5,9.44,95.31,45.88,201.2,257.99,32.09,4.21,0.01,56.37,4.94,23.25,0.24,16.99,3.69,7.18,417.22,4.94,2.28,15.16,6.63,21.8,Centro
2016,Botafogo,1.05,9.16,14.8,4.15,99.87,99.07,99.33,1.67,98.66,0.77,4.16,8.16,42.55,5.88,5.56,11.78,99.76,75.55,129.56,233.7,8.33,9.69,-0.0,73.28,0.42,25.65,0.26,4.32,8.33,68.39,217.04,2.5,0.59,57.03,35.17,68.69,Zona Sul
2016,Copacabana,1.82,8.48,25.58,2.73,99.92,99.36,99.49,4.04,97.2,1.07,3.72,3.34,34.44,6.23,5.25,13.75,99.39,71.96,147.03,201.0,16.75,10.09,-0.01,93.52,1.24,24.71,0.3,7.59,2.48,27.93,362.29,1.24,0.55,50.49,28.34,58.69,Zona Sul
2016,Lagoa,1.92,9.37,0.0,6.11,99.6,99.44,99.74,2.71,98.63,1.98,4.85,5.57,42.56,5.4,4.9,9.57,99.59,79.68,128.2,165.09,7.86,15.53,-0.0,20.83,0.0,27.6,0.25,5.56,1.82,65.04,210.44,0.0,0.6,58.13,18.82,66.48,Zona Sul
2016,São Cristovão,2.26,8.28,132.22,11.05,99.41,93.17,97.26,26.31,88.83,7.09,27.9,12.53,54.57,5.24,4.56,9.89,95.31,36.6,217.15,183.91,50.96,4.39,-0.01,54.48,7.78,28.55,0.22,18.64,16.46,4.19,462.22,11.48,3.22,8.79,5.84,19.24,Centro
2016,Tijuca,1.82,8.14,53.57,7.08,96.66,96.03,99.51,3.79,97.32,1.85,4.5,8.48,51.4,5.28,5.01,9.24,99.2,71.07,155.39,125.74,12.08,1.74,-0.0,61.45,3.09,22.18,0.24,8.45,9.33,66.9,266.62,3.32,0.69,46.34,24.62,61.74,Tijuca
2016,Vila Isabel,1.42,8.82,39.75,17.9,98.71,98.54,99.49,12.92,92.86,2.12,6.69,7.03,47.33,5.55,4.87,6.84,98.54,68.2,142.2,355.24,8.92,2.45,0.0,29.35,0.21,30.08,0.23,12.87,7.34,29.04,256.94,3.15,1.19,40.72,25.81,54.24,Tijuca
2016,Ramos,2.76,10.98,34.6,15.3,99.5,97.18,99.11,32.55,90.64,6.63,17.73,6.89,53.14,5.15,4.95,14.33,97.23,47.66,266.47,317.69,26.58,0.29,-0.0,78.8,3.83,23.08,0.21,16.52,7.77,6.01,305.08,12.74,2.0,13.43,8.36,23.89,Ramos
2016,Penha,2.06,10.04,48.58,4.75,99.83,97.4,99.63,20.47,97.53,5.93,14.94,7.93,53.29,5.41,4.88,15.61,95.22,48.67,189.63,229.8,23.57,1.2,-0.0,51.93,6.67,28.08,0.21,17.29,35.86,12.93,306.82,7.04,1.95,13.39,8.65,20.93,Penha
2016,Inhaúma,2.88,8.96,31.8,11.1,99.02,94.73,99.56,11.26,96.29,6.08,31.62,8.68,55.5,5.15,4.77,14.42,95.71,47.26,213.59,302.71,26.52,0.87,-0.02,88.79,3.68,20.05,0.21,18.31,5.15,42.81,237.16,4.42,1.98,14.39,11.42,29.18,Inhaúna
2016,Méier,2.76,8.99,43.83,14.25,98.77,96.07,99.11,12.89,96.26,3.65,14.41,10.35,54.03,5.58,4.81,11.9,97.91,58.88,217.1,209.05,22.64,1.13,-0.0,58.42,3.58,28.05,0.23,12.8,4.78,64.13,328.11,6.5,1.31,24.11,17.76,38.98,Méier
2016,Iraja,2.7,9.2,83.67,8.07,99.8,97.78,99.6,14.32,97.68,3.88,21.68,11.39,45.55,5.61,5.06,14.54,96.58,54.21,233.07,604.59,23.65,1.58,-0.07,54.86,3.45,31.39,0.21,13.63,7.88,56.47,266.08,8.87,1.42,18.18,12.87,36.56,Madureira
2016,Madureira,2.69,10.46,32.97,4.96,99.07,92.11,99.35,10.2,96.05,6.39,32.08,14.83,55.88,5.36,5.03,12.23,95.85,47.43,220.95,356.48,23.44,0.48,-0.0,51.36,7.81,33.83,0.21,16.65,5.66,27.44,466.41,25.87,1.72,12.35,9.02,25.05,Madureira
2016,Jacarepaguá,2.4,9.13,60.06,9.54,97.92,81.67,96.54,29.39,93.21,6.22,14.32,2.61,52.16,5.46,4.79,15.34,96.55,53.97,162.4,184.46,13.56,1.52,-0.01,0.0,1.12,32.28,0.21,14.56,2.42,13.86,349.81,7.12,1.96,19.76,11.72,29.1,Jacarepagua
2016,Bangu,2.89,8.94,61.16,6.41,99.31,92.28,99.19,19.8,92.77,6.77,22.95,6.84,57.52,5.36,4.7,11.86,95.07,36.65,213.26,821.49,24.13,0.66,-0.01,33.37,7.89,21.39,0.2,18.02,12.75,10.81,347.86,6.5,2.25,8.09,5.35,16.33,Bangu
2016,Campo Grande,2.79,9.6,57.02,8.62,98.53,82.21,99.47,8.86,91.94,7.17,13.21,3.5,52.92,5.61,4.88,11.26,95.59,41.79,211.27,129.38,20.03,2.04,-0.02,23.77,0.18,38.89,0.18,16.63,5.63,16.73,437.78,5.32,2.04,10.46,7.96,17.77,Campo Grande
2016,Santa Cruz,3.98,8.99,62.83,8.66,98.11,76.14,99.25,12.56,88.13,9.7,29.18,2.19,58.49,5.36,4.61,7.79,93.0,30.42,206.42,128.31,23.3,0.18,-0.03,17.71,4.61,24.13,0.19,21.1,23.09,5.84,385.17,16.9,3.13,4.64,3.41,7.98,Santa Cruz
2016,Ilha Do Governador,2.38,8.04,0.0,7.76,99.06,95.11,98.24,24.99,97.81,4.02,11.73,2.46,51.68,5.42,4.89,9.54,96.94,56.14,158.22,126.29,15.96,2.37,-0.1,0.0,4.23,28.18,0.22,13.24,17.37,24.29,263.85,5.63,1.54,27.84,13.03,36.57,Ilha do Governador
2016,Anchieta,2.82,9.09,42.69,7.81,97.63,93.84,99.63,15.84,95.78,7.96,26.25,12.68,51.68,5.52,5.03,12.97,94.87,42.01,256.67,154.0,24.41,0.0,-0.0,39.0,10.02,20.81,0.2,16.08,5.0,40.42,396.89,7.51,2.52,8.0,6.47,19.15,Pavuna
2016,Santa Teresa,2.09,8.49,209.21,12.59,99.56,94.43,95.89,31.37,97.01,5.56,27.75,10.13,41.82,5.8,4.75,10.9,97.61,54.76,137.11,399.1,17.14,5.84,-0.0,31.78,10.1,36.25,0.26,18.9,48.99,66.56,326.89,0.2,2.34,22.9,12.53,24.25,Centro
2016,Barra Da Tijuca,1.92,8.88,30.52,6.27,93.27,75.2,98.37,16.3,95.72,3.83,10.11,4.64,47.8,5.56,5.0,13.28,98.4,73.43,107.36,143.43,7.44,6.7,-0.02,0.0,1.49,47.11,0.19,6.91,5.6,42.85,330.13,4.33,1.09,48.5,19.47,48.1,Barra da Tijuca
2016,Pavuna,3.52,9.18,77.04,15.84,99.15,90.86,98.87,36.21,89.0,9.21,42.51,9.86,58.14,4.92,4.76,18.8,93.46,37.16,188.45,273.3,23.91,0.0,-0.13,54.01,22.5,28.41,0.2,23.42,11.68,1.78,242.83,29.06,3.25,5.76,4.5,13.74,Pavuna
2016,Guaratiba,3.48,8.68,14.15,14.43,88.8,53.43,99.4,24.59,84.25,9.16,21.07,2.23,54.45,5.36,5.03,10.98,93.75,30.07,184.78,330.77,21.29,0.01,-0.01,0.0,0.0,28.62,0.18,20.3,18.81,30.54,653.18,10.65,3.17,5.45,3.2,6.27,Guaratiba
2016,Rocinha,3.51,9.8,140.65,39.61,98.69,84.2,98.26,99.99,91.05,10.96,15.96,0.28,51.07,4.25,4.51,14.66,92.39,40.34,102.22,200.41,29.59,0.0,-0.0,0.0,1.35,30.71,0.25,21.98,21.28,10.0,489.6,8.07,4.29,1.92,2.16,4.64,Zona Sul
2016,Jacarezinho,0.75,11.03,244.5,16.73,98.6,94.63,97.66,88.48,81.81,15.89,16.71,6.85,66.0,4.21,4.18,17.27,89.13,29.11,70.37,86.01,20.85,0.0,-0.02,88.47,3.87,20.86,0.22,29.78,5.2,3.31,327.26,9.02,3.5,1.13,1.44,8.1,Méier
2016,Complexo Do Alemão,5.91,9.42,49.19,4.61,99.69,94.53,99.03,87.46,65.64,8.88,16.9,0.46,70.67,4.17,4.11,19.6,91.67,30.45,74.94,494.9,15.55,0.0,-0.0,15.5,22.62,25.68,0.22,25.92,61.98,5.38,253.11,2.83,4.09,1.64,1.45,3.89,Inhaúna
2016,Maré,2.41,9.6,52.07,7.57,99.86,92.55,95.15,10.14,93.08,11.3,16.98,5.16,59.5,4.45,4.42,13.7,92.11,31.03,86.1,19.87,17.66,0.0,0.0,0.67,2.39,27.79,0.22,24.79,25.56,12.95,267.84,14.37,4.04,1.84,1.22,7.61,Ramos
2016,Vigário Geral,3.34,9.45,18.47,8.27,99.19,90.51,99.47,14.84,92.07,8.79,16.22,7.57,55.67,4.77,4.55,9.1,94.81,41.71,200.0,273.26,32.23,0.0,-0.01,58.92,8.83,27.37,0.21,22.53,31.49,1.86,333.38,7.86,2.75,6.64,4.74,16.18,Penha
2016,Realengo,2.79,8.49,198.97,7.66,99.25,89.37,99.29,11.33,96.0,7.01,24.52,7.71,50.18,5.3,4.92,9.97,95.38,46.22,209.83,436.02,18.0,1.39,-0.04,30.28,2.45,33.45,0.19,30.23,3.68,28.02,410.25,15.54,2.27,10.58,7.93,21.11,Bangu
2016,Cidade De Deus,5.46,11.53,78.8,18.24,99.54,96.06,98.87,11.83,89.76,10.93,18.28,2.42,65.27,4.69,4.93,10.5,92.79,37.28,214.25,172.51,38.95,0.0,-0.02,0.0,1.64,30.0,0.21,22.03,44.64,10.0,382.68,9.42,3.42,3.28,2.37,8.05,Jacarepagua
2018,Rio De Janeiro,2.42,9.17,60.97,10.0,98.47,89.95,98.73,15.7,93.95,5.88,23.53,9.82,48.33,5.72,4.73,14.54,96.25,51.26,229.6,373.64,14.17,2.66,-0.02,51.57,7.65,28.83,0.21,13.49,10.74,30.16,254.95,6.98,2.02,21.26,9.82,28.04,Rio De Janeiro
2018,Portuaria,1.83,8.02,38.45,6.32,99.73,93.97,94.26,4.1,91.12,10.2,43.24,28.18,51.24,5.43,5.07,19.08,93.04,32.35,244.86,713.87,28.25,0.0,0.06,58.0,24.45,42.94,0.24,17.6,3.77,14.89,340.94,9.82,4.54,3.88,2.1,9.81,Centro
2018,Centro,1.93,9.54,168.92,11.7,99.66,92.23,92.34,0.26,96.91,3.77,33.12,69.9,40.51,5.9,4.93,3.03,97.47,50.76,234.8,310.69,30.83,5.72,0.0,86.44,12.84,31.04,0.26,11.34,0.0,92.44,907.39,10.76,1.35,24.02,18.03,39.37,Centro
2018,Rio Comprido,2.38,10.04,29.01,8.28,99.46,93.03,96.45,17.47,90.77,8.13,26.93,16.04,67.5,5.28,4.78,10.68,95.31,45.88,232.61,1152.03,15.92,2.65,0.0,56.37,20.81,23.25,0.23,16.86,3.67,17.89,303.62,9.79,2.28,15.16,6.63,21.8,Centro
2018,Botafogo,1.08,8.11,30.57,2.26,99.87,99.07,99.33,1.67,98.66,0.77,11.24,9.66,54.31,6.27,5.5,14.18,99.76,75.55,137.83,117.84,7.08,9.72,-0.0,73.28,2.5,25.65,0.23,4.71,2.08,58.81,214.45,1.67,0.49,57.03,35.17,68.69,Zona Sul
2018,Copacabana,1.9,9.04,54.08,2.99,99.92,99.36,99.49,1.73,97.2,1.07,9.31,6.73,59.0,6.13,4.8,15.75,99.39,71.96,165.64,101.74,8.68,8.12,-0.01,93.53,2.48,24.71,0.25,7.18,1.24,32.22,230.15,3.1,0.55,50.49,28.34,58.69,Zona Sul
2018,Lagoa,2.19,9.36,0.0,5.0,99.6,99.44,99.74,2.71,98.63,1.98,6.68,8.26,55.66,5.94,5.06,6.02,99.59,79.68,130.64,109.98,3.65,10.03,-0.0,62.19,1.22,27.6,0.23,4.41,1.82,89.05,159.2,0.61,0.6,58.13,18.82,66.48,Zona Sul
2018,São Cristovão,3.51,9.56,45.78,14.3,99.41,93.17,97.26,16.46,88.83,7.09,45.05,22.96,48.37,5.91,4.8,27.97,95.31,36.6,231.47,287.98,17.39,3.49,0.0,55.35,29.6,28.55,0.21,16.53,4.35,7.28,307.01,12.27,3.22,8.79,5.84,19.24,Centro
2018,Tijuca,2.12,9.79,0.0,5.94,96.66,96.03,99.51,1.35,97.32,1.85,14.74,14.3,47.69,6.03,4.53,11.2,99.2,71.07,181.09,96.58,8.78,2.06,-0.0,80.6,5.52,22.18,0.21,7.45,9.33,81.97,186.91,4.04,0.61,46.34,24.62,61.74,Tijuca
2018,Vila Isabel,2.43,8.79,20.76,8.54,98.71,98.54,99.49,10.28,92.86,2.12,15.66,11.31,47.95,5.91,5.08,12.54,98.54,68.2,178.54,429.87,6.28,3.33,0.0,33.3,4.17,30.08,0.21,8.39,8.38,9.18,160.43,3.44,1.19,40.72,25.81,54.24,Tijuca
2018,Ramos,1.99,8.53,11.84,32.9,99.5,97.18,99.11,24.44,90.64,6.63,39.69,11.75,43.17,5.59,4.74,17.26,97.23,47.66,326.67,477.39,27.17,0.44,-0.0,89.3,13.92,23.08,0.2,17.19,15.52,5.28,214.42,11.03,2.0,13.43,8.36,23.89,Ramos
2018,Penha,2.07,9.44,70.06,19.8,99.83,97.4,99.63,7.44,97.53,5.93,27.26,9.83,45.77,5.59,4.78,16.68,95.22,48.67,412.3,994.11,14.44,2.25,0.0,72.81,9.65,28.08,0.2,13.25,27.81,24.3,205.05,7.54,1.95,13.39,8.65,20.93,Penha
2018,Inhaúma,1.76,9.6,72.57,15.8,99.02,94.73,99.56,9.83,96.29,6.08,24.22,10.6,41.91,5.56,4.47,12.32,95.71,47.26,276.72,474.16,13.95,1.39,-0.02,88.79,13.95,20.05,0.2,13.61,13.21,41.2,167.35,8.81,1.98,14.39,11.42,29.18,Inhaúna
2018,Méier,2.66,9.5,46.18,17.9,98.77,96.07,99.11,11.45,96.26,3.25,20.62,13.63,43.88,5.77,4.78,14.52,97.91,58.88,227.47,382.97,14.09,1.87,-0.01,58.42,6.38,28.05,0.2,11.63,9.81,32.66,227.43,7.11,1.09,24.11,17.76,38.98,Méier
2018,Iraja,1.99,8.72,27.9,12.5,99.8,97.78,99.6,10.0,97.68,3.88,24.64,13.47,50.12,5.95,4.68,14.18,96.58,54.21,262.14,479.44,18.72,1.78,-0.06,67.02,11.33,31.39,0.19,12.51,4.93,49.82,182.81,11.33,1.42,18.18,12.87,36.56,Madureira
2018,Madureira,3.05,9.79,78.35,11.2,99.07,92.11,99.35,7.87,96.05,6.39,30.47,19.68,43.1,5.84,4.73,18.24,95.85,47.43,242.41,383.71,15.37,0.76,-0.0,65.8,5.12,33.83,0.2,14.76,4.85,20.19,349.46,7.55,1.72,12.35,9.02,25.05,Madureira
2018,Jacarepaguá,2.3,8.82,44.63,8.53,97.92,81.67,96.54,28.11,93.21,6.23,12.93,4.09,47.92,6.04,4.83,13.25,96.55,53.97,210.54,304.3,11.2,1.82,-0.01,45.19,3.33,32.28,0.2,11.44,3.68,9.52,249.51,4.47,1.97,19.76,11.72,29.1,Jacarepagua
2018,Bangu,1.78,9.87,83.0,7.66,99.31,92.28,99.19,19.57,92.77,6.93,26.17,10.16,42.15,5.67,4.51,11.39,95.07,36.65,376.04,753.93,18.76,0.41,-0.02,33.37,11.35,21.39,0.19,14.92,12.74,10.48,261.88,9.26,2.39,8.09,5.35,16.33,Bangu
2018,Campo Grande,2.78,8.41,77.15,6.14,98.53,82.21,99.47,7.9,91.94,7.17,18.55,4.38,49.71,5.95,4.64,12.63,95.59,41.79,249.7,169.91,11.9,2.36,-0.03,31.22,1.57,38.89,0.17,13.32,5.42,15.69,294.32,3.32,2.04,10.46,7.96,17.77,Campo Grande
2018,Santa Cruz,2.8,9.03,110.47,7.5,98.11,76.14,99.25,12.56,88.13,9.7,25.9,3.72,44.11,5.56,4.38,13.93,93.0,30.42,246.67,359.83,19.61,0.16,-0.04,38.69,6.29,24.13,0.19,17.73,28.92,6.42,279.61,7.29,3.13,4.64,3.41,7.98,Santa Cruz
2018,Ilha Do Governador,1.66,8.68,53.39,7.83,99.06,95.11,98.24,17.02,97.81,4.33,23.93,5.31,54.79,5.84,4.7,11.22,96.94,56.14,209.72,98.53,10.32,3.42,-0.12,0.63,3.28,28.18,0.21,12.02,16.42,23.67,185.8,5.16,1.57,27.84,13.03,36.57,Ilha do Governador
2018,Anchieta,2.36,11.34,60.4,6.64,97.63,93.84,99.63,15.84,95.78,7.96,44.32,14.53,46.56,5.73,4.64,18.2,94.87,42.01,230.95,239.69,16.85,0.0,-0.0,39.0,12.48,20.81,0.19,15.25,4.37,47.4,270.9,11.86,2.52,8.0,6.47,19.15,Pavuna
2018,Santa Teresa,2.6,8.96,73.15,6.3,99.56,94.43,95.89,21.43,97.01,5.56,13.26,16.52,57.86,6.1,5.2,20.7,97.61,54.76,230.31,467.97,4.9,8.55,-0.0,31.86,20.0,36.25,0.25,13.87,24.5,69.56,325.19,17.55,2.34,22.9,12.53,24.25,Centro
2018,Barra Da Tijuca,2.15,8.91,15.25,4.29,93.27,75.2,98.37,16.3,95.72,3.83,16.09,7.31,45.7,6.02,5.19,13.26,98.4,73.43,129.78,248.33,6.3,6.18,-0.02,64.09,0.15,47.11,0.2,7.16,2.74,40.45,262.1,1.56,1.09,48.5,19.47,48.1,Barra da Tijuca
2018,Pavuna,3.47,10.17,130.88,11.7,99.15,90.86,98.87,31.15,89.0,9.21,53.54,10.87,42.41,5.38,4.3,13.31,93.46,37.16,235.57,397.59,21.88,0.0,-0.11,54.01,32.12,28.41,0.2,19.01,9.78,19.44,149.44,22.81,3.25,5.76,4.5,13.74,Pavuna
2018,Guaratiba,3.01,8.39,64.53,8.1,88.8,53.43,99.4,22.54,84.25,9.16,17.13,4.36,42.91,5.75,4.65,12.28,93.75,30.07,234.6,346.31,17.87,0.01,-0.01,11.39,0.0,28.62,0.17,15.01,30.53,24.42,614.42,2.98,3.17,5.45,3.2,6.27,Guaratiba
2018,Rocinha,1.8,7.66,62.02,9.52,98.69,84.2,98.26,99.99,91.05,10.96,23.69,0.42,34.86,6.07,5.25,14.95,92.39,40.34,126.34,201.35,13.16,0.0,-0.01,75.34,21.06,30.71,0.26,18.8,11.84,2.15,198.72,10.53,4.29,1.92,2.16,4.64,Zona Sul
2018,Jacarezinho,7.83,8.33,0.0,9.57,98.6,94.63,97.66,88.48,81.81,15.89,28.22,9.83,25.51,4.8,4.45,23.58,89.13,29.11,129.73,57.08,31.13,0.0,-0.01,88.47,12.18,20.86,0.21,26.85,0.0,0.0,166.74,10.26,3.5,1.13,1.44,8.1,Méier
2018,Complexo Do Alemão,3.5,6.68,0.0,8.6,99.69,94.53,99.03,87.46,65.64,8.88,26.67,0.45,41.46,5.2,4.83,17.47,91.67,30.45,96.86,1779.9,11.23,0.0,-0.01,15.98,14.04,25.68,0.21,22.6,74.4,56.82,71.59,14.04,4.09,1.64,1.45,3.89,Inhaúna
2018,Maré,2.96,10.14,65.76,1.96,99.86,92.55,95.15,10.14,93.08,11.3,39.77,10.76,45.45,5.14,3.87,9.3,92.11,31.03,110.95,34.08,13.05,0.0,0.0,43.2,14.83,27.79,0.21,19.7,9.43,19.58,195.16,11.8,4.04,1.84,1.22,7.61,Ramos
2018,Vigário Geral,4.04,9.8,74.14,11.4,99.19,90.51,99.47,14.84,92.07,8.79,25.12,9.26,46.45,5.44,4.15,11.4,94.81,41.71,251.81,93.7,21.23,0.0,0.27,58.92,12.26,27.37,0.2,17.49,19.03,0.0,234.7,9.32,2.75,6.64,4.74,16.18,Penha
2018,Realengo,1.84,9.35,86.48,5.2,99.25,89.37,99.29,9.05,96.0,7.01,29.39,8.47,51.61,5.89,4.78,10.32,95.38,46.22,230.64,635.99,15.51,0.89,-0.04,40.22,2.04,33.45,0.18,13.34,10.61,37.71,314.73,6.94,2.27,10.58,7.93,21.11,Bangu
2018,Cidade De Deus,3.99,12.95,39.05,22.5,99.54,96.06,98.87,12.23,89.76,10.93,15.03,4.19,35.19,5.3,4.3,37.9,92.79,37.28,316.08,506.29,30.77,0.0,0.0,46.36,4.74,30.0,0.21,22.92,44.75,4.56,283.8,5.97,3.42,3.28,2.37,8.05,Jacarepagua
2020,Rio De Janeiro,2.79,9.36,80.63,8.96,98.47,89.95,98.73,14.0,93.95,5.88,18.75,9.31,48.33,5.79,5.44,12.1,96.25,51.26,236.65,284.11,13.51,2.23,0.01,57.79,11.1,28.83,0.25,11.78,3.77,30.16,270.94,4.96,2.02,21.26,9.82,28.04,Rio De Janeiro
2020,Portuaria,4.46,9.5,0.0,6.16,99.73,93.97,94.26,4.1,91.12,10.2,35.11,24.12,51.24,5.5,5.47,16.17,93.04,32.35,378.85,245.17,24.66,0.0,-0.0,59.41,14.11,42.94,0.28,17.63,0.0,14.89,405.72,12.14,4.54,3.88,2.1,9.81,Centro
2020,Centro,3.16,9.78,90.99,14.3,99.66,92.23,92.34,0.26,96.91,3.77,30.97,31.17,40.51,5.77,5.17,6.1,97.47,50.76,304.64,201.87,21.88,1.31,-0.01,88.53,9.55,31.04,0.3,9.78,3.67,92.44,653.18,13.15,1.35,24.02,18.03,39.37,Centro
2020,Rio Comprido,2.36,9.79,31.55,5.07,99.46,93.03,96.45,8.74,90.77,8.13,35.45,12.52,67.5,5.7,4.88,11.02,95.31,45.88,263.71,380.12,20.26,3.98,-0.03,64.75,22.62,23.25,0.28,12.66,2.08,17.89,315.29,7.6,2.28,15.16,6.63,21.8,Centro
2020,Botafogo,1.05,8.39,33.11,2.73,99.87,99.07,99.33,1.67,98.66,0.77,4.59,11.4,54.31,6.19,5.19,3.8,99.76,75.55,170.62,69.49,7.44,8.98,-0.08,77.47,2.09,25.65,0.29,3.2,1.24,58.81,193.97,0.42,0.49,57.03,35.17,68.69,Zona Sul
2020,Copacabana,1.66,7.55,27.98,2.73,99.92,99.36,99.49,1.73,97.2,1.07,6.2,9.95,59.0,6.23,5.13,10.65,99.39,71.96,198.86,53.98,9.31,8.66,-0.08,95.24,2.48,24.71,0.3,4.83,1.82,32.22,225.2,0.0,0.55,50.49,28.34,58.69,Zona Sul
2020,Lagoa,3.16,9.82,0.0,8.9,99.6,99.44,99.74,2.71,98.63,1.98,9.54,9.17,55.66,5.77,5.33,11.26,99.59,79.68,177.63,124.09,7.44,9.02,-0.04,67.2,5.96,27.6,0.29,3.78,4.35,89.05,189.03,0.6,0.6,58.13,18.82,66.48,Zona Sul
2020,São Cristovão,3.26,9.0,90.42,8.48,99.41,93.17,97.26,4.95,88.83,7.09,22.96,16.09,48.37,5.89,5.27,10.56,95.31,36.6,304.08,291.78,25.91,1.07,-0.01,60.25,14.75,28.55,0.25,15.26,9.33,7.28,327.93,6.93,3.22,8.79,5.84,19.24,Centro
2020,Tijuca,1.81,8.53,0.0,5.5,96.66,96.03,99.51,1.35,97.32,1.85,9.5,9.84,47.69,5.63,4.97,8.44,99.2,71.07,201.0,153.6,79.74,2.34,-0.0,83.21,15.52,22.18,0.27,7.14,8.38,81.97,192.34,1.98,0.61,46.34,24.62,61.74,Tijuca
2020,Vila Isabel,2.06,8.96,45.03,17.95,98.71,98.54,99.49,10.28,92.86,2.12,5.04,10.0,47.95,5.98,4.67,6.03,98.54,68.2,216.86,177.41,7.92,4.2,-0.02,40.13,2.0,30.08,0.26,8.06,15.52,9.18,189.03,1.79,1.19,40.72,25.81,54.24,Tijuca
2020,Ramos,2.62,9.18,61.34,14.99,99.5,97.18,99.11,24.44,90.64,6.63,26.08,8.75,43.17,5.55,4.97,11.13,97.23,47.66,279.19,215.42,22.85,0.55,-0.07,94.0,18.74,23.08,0.24,12.59,27.81,5.28,189.03,7.07,2.0,13.43,8.36,23.89,Ramos
2020,Penha,2.97,10.42,139.57,23.36,99.83,97.4,99.63,7.44,97.53,5.93,19.29,6.67,45.77,5.87,5.1,16.51,95.22,48.67,253.3,203.06,18.31,2.95,-0.05,79.58,16.15,28.08,0.25,12.92,13.21,24.3,191.23,5.65,1.95,13.39,8.65,20.93,Penha
2020,Inhaúma,2.4,10.27,70.81,7.85,99.02,94.73,99.56,9.83,96.29,6.08,24.56,10.72,41.91,5.81,4.37,15.4,95.71,47.26,289.64,285.53,20.1,1.72,-0.01,94.0,20.1,20.05,0.24,12.44,9.81,41.2,215.86,6.7,1.98,14.39,11.42,29.18,Inhaúna
2020,Méier,2.87,9.57,46.76,11.85,98.77,96.07,99.11,11.03,96.26,3.25,16.99,12.01,43.88,5.87,5.11,12.9,97.91,58.88,266.06,204.52,12.07,2.66,-0.06,68.45,16.09,28.05,0.26,10.96,4.93,32.66,224.85,5.59,1.09,24.11,17.76,38.98,Méier
2020,Iraja,3.72,9.17,44.19,6.29,99.8,97.78,99.6,4.15,97.68,3.88,19.22,11.03,50.12,6.09,4.97,15.17,96.58,54.21,256.65,175.4,13.3,2.86,-0.0,71.96,10.84,31.39,0.24,9.17,4.85,49.82,207.93,4.93,1.42,18.18,12.87,36.56,Madureira
2020,Madureira,3.67,10.23,85.16,11.49,99.07,92.11,99.35,7.87,96.05,6.39,24.46,15.67,43.1,5.72,4.6,13.53,95.85,47.43,270.73,263.26,13.44,0.87,-0.03,76.38,12.9,33.83,0.25,13.79,3.68,20.19,359.71,5.65,1.72,12.35,9.02,25.05,Madureira
2020,Jacarepaguá,1.92,9.54,73.92,5.04,97.92,81.67,96.54,27.51,93.21,6.23,12.26,5.17,47.92,6.06,4.88,14.17,96.55,53.97,224.75,306.8,11.53,2.02,-0.04,50.95,7.59,32.28,0.23,9.47,12.74,9.52,287.24,3.23,1.97,19.76,11.72,29.1,Jacarepagua
2020,Bangu,2.71,9.53,94.11,6.4,99.31,92.28,99.19,19.57,92.77,6.93,30.6,10.02,42.15,5.63,4.99,9.25,95.07,36.65,265.72,657.31,18.22,1.03,-0.06,42.15,22.62,21.39,0.24,14.55,5.42,10.48,242.04,7.94,2.39,8.09,5.35,16.33,Bangu
2020,Campo Grande,2.63,9.23,75.7,5.59,98.53,82.21,99.47,7.9,91.94,7.17,10.51,4.27,49.71,5.91,4.8,9.32,95.59,41.79,266.57,524.81,13.65,2.5,-0.08,32.14,2.21,38.89,0.21,11.95,28.92,15.69,301.06,2.95,2.04,10.46,7.96,17.77,Campo Grande
2020,Santa Cruz,3.62,9.2,130.21,10.12,98.11,76.14,99.25,12.56,88.13,9.7,8.41,2.52,44.11,5.66,4.9,10.0,93.0,30.42,282.9,403.16,14.65,0.0,-0.12,40.62,0.81,24.13,0.22,15.75,16.42,6.42,340.54,2.17,3.13,4.64,3.41,7.98,Santa Cruz
2020,Ilha Do Governador,3.65,8.86,67.77,6.79,99.06,95.11,98.24,11.38,97.81,4.33,25.4,3.93,54.79,5.93,5.03,13.32,96.94,56.14,241.25,52.49,14.11,4.92,-0.01,2.01,8.94,28.18,0.25,9.7,4.37,23.67,230.98,4.23,1.57,27.84,13.03,36.57,Ilha do Governador
2020,Anchieta,3.33,7.74,79.01,6.67,97.63,93.84,99.63,15.84,95.78,7.96,25.27,13.01,46.56,5.63,4.82,19.6,94.87,42.01,273.95,141.0,13.26,0.0,-0.05,47.66,17.69,20.81,0.24,15.14,24.5,47.4,279.82,7.58,2.52,8.0,6.47,19.15,Pavuna
2020,Santa Teresa,3.17,8.27,0.0,2.73,99.56,94.43,95.89,21.43,97.01,5.56,22.79,9.1,57.86,6.23,5.35,7.8,97.61,54.76,211.02,170.13,12.22,6.95,-0.03,42.55,22.62,36.25,0.29,10.53,2.74,69.56,265.53,7.73,2.34,22.9,12.53,24.25,Centro
2020,Barra Da Tijuca,2.23,9.16,37.38,2.73,93.27,75.2,98.37,16.3,95.72,3.83,17.18,9.62,45.7,6.23,5.59,13.1,98.4,73.43,172.16,200.74,7.44,4.3,-0.13,72.12,1.37,47.11,0.23,6.35,9.78,40.45,360.06,3.47,1.09,48.5,19.47,48.1,Barra da Tijuca
2020,Pavuna,3.37,10.37,124.91,11.96,99.15,90.86,98.87,22.78,89.0,9.21,42.14,9.53,42.41,5.44,4.36,18.0,93.46,37.16,264.87,178.11,16.76,0.0,-0.02,63.1,22.62,28.41,0.24,17.39,30.53,19.44,189.03,13.89,3.25,5.76,4.5,13.74,Pavuna
2020,Guaratiba,3.02,8.56,127.32,10.84,89.0,53.43,99.4,22.54,84.25,9.16,16.25,4.8,42.91,5.83,4.94,14.28,93.75,30.07,299.45,993.03,11.37,0.2,-0.01,21.96,0.0,28.62,0.2,13.11,11.84,24.42,706.66,8.12,3.17,5.45,3.2,6.27,Guaratiba
2020,Rocinha,2.37,8.52,209.57,2.73,98.69,84.2,98.26,99.99,91.05,10.96,11.53,0.91,34.86,5.57,5.56,17.4,92.39,40.34,142.63,489.9,15.86,0.0,-0.02,81.42,4.33,30.71,0.25,13.52,0.0,2.15,207.62,4.33,4.29,1.92,2.16,4.64,Zona Sul
2020,Jacarezinho,5.84,10.83,0.0,20.62,98.6,94.63,97.66,88.48,81.81,15.89,16.33,7.15,25.51,5.3,5.1,8.23,89.13,29.11,144.96,175.54,15.86,0.0,-0.01,93.13,17.64,20.86,0.25,20.58,74.4,1.78,189.03,3.92,3.5,1.13,1.44,8.1,Méier
2020,Complexo Do Alemão,2.62,10.07,244.5,7.71,99.69,94.53,99.03,23.09,66.0,8.88,44.01,6.18,41.46,5.35,4.4,18.8,91.67,30.45,143.17,469.04,13.02,0.0,-0.08,30.53,18.77,25.68,0.25,16.63,9.43,56.82,189.03,5.84,4.09,1.64,1.45,3.89,Inhaúna
2020,Maré,3.3,9.85,180.13,7.42,99.86,92.55,95.15,10.14,93.08,11.3,25.43,9.4,45.45,5.43,4.35,19.2,92.11,31.03,173.56,19.87,13.87,0.0,0.01,48.77,17.19,27.79,0.25,16.28,19.03,19.58,189.03,7.16,4.04,1.84,1.22,7.61,Ramos
2020,Vigário Geral,3.25,9.71,140.62,12.59,99.19,90.51,99.47,14.84,92.07,8.79,14.46,8.2,46.45,5.53,4.6,12.1,94.81,41.71,249.53,168.5,13.22,0.0,-0.05,68.4,13.43,27.37,0.24,13.46,10.61,1.78,255.76,5.94,2.75,6.64,4.74,16.18,Penha
2020,Realengo,2.72,9.28,137.73,6.06,99.25,89.37,99.29,9.05,96.0,7.01,25.1,12.31,51.61,6.04,4.86,9.75,95.38,46.22,271.24,442.41,14.81,0.42,-0.02,49.19,15.64,33.45,0.22,10.8,44.75,37.71,282.3,8.23,2.27,10.58,7.93,21.11,Bangu
2020,Cidade De Deus,2.43,11.5,83.61,8.03,99.54,96.06,98.87,12.23,89.76,10.93,14.11,4.92,35.19,5.4,4.2,2.0,92.79,37.28,256.03,268.31,46.56,0.0,-0.04,55.81,9.48,30.0,0.24,20.56,10.74,4.56,293.38,3.63,3.42,3.28,2.37,8.05,Jacarepagua
